region,date,value
КЫЗЫЛОРДИНСКАЯ ОБЛАСТЬ,2002-12-31,170200
КЫЗЫЛОРДИНСКАЯ ОБЛАСТЬ,2013-12-31,1983000
КЫЗЫЛОРДИНСКАЯ ОБЛАСТЬ,2005-12-31,394000
КЫЗЫЛОРДИНСКАЯ ОБЛАСТЬ,2004-12-31,294900
КЫЗЫЛОРДИНСКАЯ ОБЛАСТЬ,2015-12-31,1534300
КЫЗЫЛОРДИНСКАЯ ОБЛАСТЬ,2006-12-31,585200
КЫЗЫЛОРДИНСКАЯ ОБЛАСТЬ,2000-12-31,96300
КЫЗЫЛОРДИНСКАЯ ОБЛАСТЬ,2003-12-31,224600
КЫЗЫЛОРДИНСКАЯ ОБЛАСТЬ,2001-12-31,122200
КЫЗЫЛОРДИНСКАЯ ОБЛАСТЬ,2011-12-31,1611900
КЫЗЫЛОРДИНСКАЯ ОБЛАСТЬ,2014-12-31,1848900
КЫЗЫЛОРДИНСКАЯ ОБЛАСТЬ,2012-12-31,1764400
КЫЗЫЛОРДИНСКАЯ ОБЛАСТЬ,2009-12-31,937400
КЫЗЫЛОРДИНСКАЯ ОБЛАСТЬ,2008-12-31,1075900
КЫЗЫЛОРДИНСКАЯ ОБЛАСТЬ,2007-12-31,794700
КЫЗЫЛОРДИНСКАЯ ОБЛАСТЬ,2010-12-31,1236500
КЫЗЫЛОРДИНСКАЯ ОБЛАСТЬ,2016-12-31,1701100
КЫЗЫЛОРДИНСКАЯ ОБЛАСТЬ,2017-12-31,1839000
КЫЗЫЛОРДИНСКАЯ ОБЛАСТЬ,2018-12-31,2088400
КЫЗЫЛОРДИНСКАЯ ОБЛАСТЬ,2019-12-31,2289100
КЫЗЫЛОРДИНСКАЯ ОБЛАСТЬ,2021-12-31,2345100
КЫЗЫЛОРДИНСКАЯ ОБЛАСТЬ,2020-12-31,2033300
СЕВЕРО-КАЗАХСТАНСКАЯ ОБЛАСТЬ,2004-12-31,226700
СЕВЕРО-КАЗАХСТАНСКАЯ ОБЛАСТЬ,2006-12-31,357800
СЕВЕРО-КАЗАХСТАНСКАЯ ОБЛАСТЬ,2003-12-31,207100
СЕВЕРО-КАЗАХСТАНСКАЯ ОБЛАСТЬ,2000-12-31,100400
СЕВЕРО-КАЗАХСТАНСКАЯ ОБЛАСТЬ,2015-12-31,1467200
СЕВЕРО-КАЗАХСТАНСКАЯ ОБЛАСТЬ,2002-12-31,162200
СЕВЕРО-КАЗАХСТАНСКАЯ ОБЛАСТЬ,2001-12-31,141700
СЕВЕРО-КАЗАХСТАНСКАЯ ОБЛАСТЬ,2013-12-31,1298200
СЕВЕРО-КАЗАХСТАНСКАЯ ОБЛАСТЬ,2011-12-31,1136700
СЕВЕРО-КАЗАХСТАНСКАЯ ОБЛАСТЬ,2005-12-31,277900
СЕВЕРО-КАЗАХСТАНСКАЯ ОБЛАСТЬ,2014-12-31,1386600
СЕВЕРО-КАЗАХСТАНСКАЯ ОБЛАСТЬ,2012-12-31,1168600
СЕВЕРО-КАЗАХСТАНСКАЯ ОБЛАСТЬ,2009-12-31,625500
СЕВЕРО-КАЗАХСТАНСКАЯ ОБЛАСТЬ,2008-12-31,619000
СЕВЕРО-КАЗАХСТАНСКАЯ ОБЛАСТЬ,2007-12-31,487400
СЕВЕРО-КАЗАХСТАНСКАЯ ОБЛАСТЬ,2010-12-31,790100
СЕВЕРО-КАЗАХСТАНСКАЯ ОБЛАСТЬ,2016-12-31,1621000
СЕВЕРО-КАЗАХСТАНСКАЯ ОБЛАСТЬ,2017-12-31,1985900
СЕВЕРО-КАЗАХСТАНСКАЯ ОБЛАСТЬ,2018-12-31,2177700
СЕВЕРО-КАЗАХСТАНСКАЯ ОБЛАСТЬ,2019-12-31,2505900
СЕВЕРО-КАЗАХСТАНСКАЯ ОБЛАСТЬ,2021-12-31,3313800
СЕВЕРО-КАЗАХСТАНСКАЯ ОБЛАСТЬ,2020-12-31,2877700
КОСТАНАЙСКАЯ ОБЛАСТЬ,2011-12-31,1288200
КОСТАНАЙСКАЯ ОБЛАСТЬ,2015-12-31,1561700
КОСТАНАЙСКАЯ ОБЛАСТЬ,2013-12-31,1531500
КОСТАНАЙСКАЯ ОБЛАСТЬ,2002-12-31,199600
КОСТАНАЙСКАЯ ОБЛАСТЬ,2003-12-31,256500
КОСТАНАЙСКАЯ ОБЛАСТЬ,2006-12-31,429500
КОСТАНАЙСКАЯ ОБЛАСТЬ,2005-12-31,356500
КОСТАНАЙСКАЯ ОБЛАСТЬ,2001-12-31,181200
КОСТАНАЙСКАЯ ОБЛАСТЬ,2000-12-31,163100
КОСТАНАЙСКАЯ ОБЛАСТЬ,2004-12-31,299100
КОСТАНАЙСКАЯ ОБЛАСТЬ,2014-12-31,1583100
КОСТАНАЙСКАЯ ОБЛАСТЬ,2012-12-31,1308000
КОСТАНАЙСКАЯ ОБЛАСТЬ,2009-12-31,815300
КОСТАНАЙСКАЯ ОБЛАСТЬ,2008-12-31,789700
КОСТАНАЙСКАЯ ОБЛАСТЬ,2007-12-31,624500
КОСТАНАЙСКАЯ ОБЛАСТЬ,2010-12-31,970800
КОСТАНАЙСКАЯ ОБЛАСТЬ,2016-12-31,1727000
КОСТАНАЙСКАЯ ОБЛАСТЬ,2017-12-31,2108900
КОСТАНАЙСКАЯ ОБЛАСТЬ,2018-12-31,2367100
КОСТАНАЙСКАЯ ОБЛАСТЬ,2019-12-31,2815900
КОСТАНАЙСКАЯ ОБЛАСТЬ,2021-12-31,4082800
КОСТАНАЙСКАЯ ОБЛАСТЬ,2020-12-31,3314500
ЗАПАДНО-КАЗАХСТАНСКАЯ ОБЛАСТЬ,2006-12-31,838600
ЗАПАДНО-КАЗАХСТАНСКАЯ ОБЛАСТЬ,2013-12-31,2868100
ЗАПАДНО-КАЗАХСТАНСКАЯ ОБЛАСТЬ,2003-12-31,333100
ЗАПАДНО-КАЗАХСТАНСКАЯ ОБЛАСТЬ,2001-12-31,249500
ЗАПАДНО-КАЗАХСТАНСКАЯ ОБЛАСТЬ,2004-12-31,589800
ЗАПАДНО-КАЗАХСТАНСКАЯ ОБЛАСТЬ,2015-12-31,2699600
ЗАПАДНО-КАЗАХСТАНСКАЯ ОБЛАСТЬ,2000-12-31,195500
ЗАПАДНО-КАЗАХСТАНСКАЯ ОБЛАСТЬ,2002-12-31,296700
ЗАПАДНО-КАЗАХСТАНСКАЯ ОБЛАСТЬ,2011-12-31,2225400
ЗАПАДНО-КАЗАХСТАНСКАЯ ОБЛАСТЬ,2005-12-31,659800
ЗАПАДНО-КАЗАХСТАНСКАЯ ОБЛАСТЬ,2014-12-31,3170400
ЗАПАДНО-КАЗАХСТАНСКАЯ ОБЛАСТЬ,2012-12-31,2865900
ЗАПАДНО-КАЗАХСТАНСКАЯ ОБЛАСТЬ,2009-12-31,1324200
ЗАПАДНО-КАЗАХСТАНСКАЯ ОБЛАСТЬ,2008-12-31,1339400
ЗАПАДНО-КАЗАХСТАНСКАЯ ОБЛАСТЬ,2007-12-31,1006200
ЗАПАДНО-КАЗАХСТАНСКАЯ ОБЛАСТЬ,2010-12-31,1730400
ЗАПАДНО-КАЗАХСТАНСКАЯ ОБЛАСТЬ,2016-12-31,3179800
ЗАПАДНО-КАЗАХСТАНСКАЯ ОБЛАСТЬ,2017-12-31,3628400
ЗАПАДНО-КАЗАХСТАНСКАЯ ОБЛАСТЬ,2018-12-31,4295800
ЗАПАДНО-КАЗАХСТАНСКАЯ ОБЛАСТЬ,2019-12-31,4501200
ЗАПАДНО-КАЗАХСТАНСКАЯ ОБЛАСТЬ,2021-12-31,5323600
ЗАПАДНО-КАЗАХСТАНСКАЯ ОБЛАСТЬ,2020-12-31,4151200
ЮЖНО-КАЗАХСТАНСКАЯ ОБЛАСТЬ,2006-12-31,187600
ЮЖНО-КАЗАХСТАНСКАЯ ОБЛАСТЬ,2013-12-31,791300
ЮЖНО-КАЗАХСТАНСКАЯ ОБЛАСТЬ,2005-12-31,161700
ЮЖНО-КАЗАХСТАНСКАЯ ОБЛАСТЬ,2000-12-31,88300
ЮЖНО-КАЗАХСТАНСКАЯ ОБЛАСТЬ,2015-12-31,891100
ЮЖНО-КАЗАХСТАНСКАЯ ОБЛАСТЬ,2003-12-31,145800
ЮЖНО-КАЗАХСТАНСКАЯ ОБЛАСТЬ,2011-12-31,583000
ЮЖНО-КАЗАХСТАНСКАЯ ОБЛАСТЬ,2002-12-31,117100
ЮЖНО-КАЗАХСТАНСКАЯ ОБЛАСТЬ,2004-12-31,142700
ЮЖНО-КАЗАХСТАНСКАЯ ОБЛАСТЬ,2001-12-31,114100
ЮЖНО-КАЗАХСТАНСКАЯ ОБЛАСТЬ,2014-12-31,868900
ЮЖНО-КАЗАХСТАНСКАЯ ОБЛАСТЬ,2012-12-31,705100
ЮЖНО-КАЗАХСТАНСКАЯ ОБЛАСТЬ,2009-12-31,384800
ЮЖНО-КАЗАХСТАНСКАЯ ОБЛАСТЬ,2008-12-31,310400
ЮЖНО-КАЗАХСТАНСКАЯ ОБЛАСТЬ,2007-12-31,265200
ЮЖНО-КАЗАХСТАНСКАЯ ОБЛАСТЬ,2010-12-31,474600
ЮЖНО-КАЗАХСТАНСКАЯ ОБЛАСТЬ,2016-12-31,975300
ЮЖНО-КАЗАХСТАНСКАЯ ОБЛАСТЬ,2017-12-31,1097700
ПАВЛОДАРСКАЯ ОБЛАСТЬ,2006-12-31,621300
ПАВЛОДАРСКАЯ ОБЛАСТЬ,2011-12-31,2036700
ПАВЛОДАРСКАЯ ОБЛАСТЬ,2013-12-31,2341300
ПАВЛОДАРСКАЯ ОБЛАСТЬ,2015-12-31,2293100
ПАВЛОДАРСКАЯ ОБЛАСТЬ,2000-12-31,214400
ПАВЛОДАРСКАЯ ОБЛАСТЬ,2003-12-31,359700
ПАВЛОДАРСКАЯ ОБЛАСТЬ,2005-12-31,516600
ПАВЛОДАРСКАЯ ОБЛАСТЬ,2004-12-31,449000
ПАВЛОДАРСКАЯ ОБЛАСТЬ,2001-12-31,266200
ПАВЛОДАРСКАЯ ОБЛАСТЬ,2002-12-31,286900
ПАВЛОДАРСКАЯ ОБЛАСТЬ,2014-12-31,2315800
ПАВЛОДАРСКАЯ ОБЛАСТЬ,2012-12-31,2032800
ПАВЛОДАРСКАЯ ОБЛАСТЬ,2009-12-31,1150800
ПАВЛОДАРСКАЯ ОБЛАСТЬ,2008-12-31,1153600
ПАВЛОДАРСКАЯ ОБЛАСТЬ,2007-12-31,793900
ПАВЛОДАРСКАЯ ОБЛАСТЬ,2010-12-31,1384600
ПАВЛОДАРСКАЯ ОБЛАСТЬ,2016-12-31,2606900
ПАВЛОДАРСКАЯ ОБЛАСТЬ,2017-12-31,3134300
ПАВЛОДАРСКАЯ ОБЛАСТЬ,2018-12-31,3641200
ПАВЛОДАРСКАЯ ОБЛАСТЬ,2019-12-31,4023300
ПАВЛОДАРСКАЯ ОБЛАСТЬ,2021-12-31,5185000
ПАВЛОДАРСКАЯ ОБЛАСТЬ,2020-12-31,4151400
АКМОЛИНСКАЯ ОБЛАСТЬ,2015-12-31,1513900
АКМОЛИНСКАЯ ОБЛАСТЬ,2003-12-31,189100
АКМОЛИНСКАЯ ОБЛАСТЬ,2004-12-31,222100
АКМОЛИНСКАЯ ОБЛАСТЬ,2005-12-31,263400
АКМОЛИНСКАЯ ОБЛАСТЬ,2011-12-31,1099000
АКМОЛИНСКАЯ ОБЛАСТЬ,2000-12-31,105300
АКМОЛИНСКАЯ ОБЛАСТЬ,2013-12-31,1301700
АКМОЛИНСКАЯ ОБЛАСТЬ,2006-12-31,340000
АКМОЛИНСКАЯ ОБЛАСТЬ,2001-12-31,140600
АКМОЛИНСКАЯ ОБЛАСТЬ,2002-12-31,155200
АКМОЛИНСКАЯ ОБЛАСТЬ,2014-12-31,1427900
АКМОЛИНСКАЯ ОБЛАСТЬ,2012-12-31,1092800
АКМОЛИНСКАЯ ОБЛАСТЬ,2009-12-31,709300
АКМОЛИНСКАЯ ОБЛАСТЬ,2008-12-31,641400
АКМОЛИНСКАЯ ОБЛАСТЬ,2007-12-31,543200
АКМОЛИНСКАЯ ОБЛАСТЬ,2010-12-31,798100
АКМОЛИНСКАЯ ОБЛАСТЬ,2016-12-31,1818200
АКМОЛИНСКАЯ ОБЛАСТЬ,2017-12-31,2107800
АКМОЛИНСКАЯ ОБЛАСТЬ,2018-12-31,2301000
АКМОЛИНСКАЯ ОБЛАСТЬ,2019-12-31,2621200
АКМОЛИНСКАЯ ОБЛАСТЬ,2021-12-31,3644900
АКМОЛИНСКАЯ ОБЛАСТЬ,2020-12-31,3102500
АКТЮБИНСКАЯ ОБЛАСТЬ,2011-12-31,1998200
АКТЮБИНСКАЯ ОБЛАСТЬ,2005-12-31,604900
АКТЮБИНСКАЯ ОБЛАСТЬ,2006-12-31,748100
АКТЮБИНСКАЯ ОБЛАСТЬ,2002-12-31,268700
АКТЮБИНСКАЯ ОБЛАСТЬ,2015-12-31,2135000
АКТЮБИНСКАЯ ОБЛАСТЬ,2013-12-31,2298100
АКТЮБИНСКАЯ ОБЛАСТЬ,2003-12-31,353200
АКТЮБИНСКАЯ ОБЛАСТЬ,2001-12-31,219700
АКТЮБИНСКАЯ ОБЛАСТЬ,2000-12-31,175200
АКТЮБИНСКАЯ ОБЛАСТЬ,2004-12-31,438100
АКТЮБИНСКАЯ ОБЛАСТЬ,2014-12-31,2361400
АКТЮБИНСКАЯ ОБЛАСТЬ,2012-12-31,2220700
АКТЮБИНСКАЯ ОБЛАСТЬ,2009-12-31,1193100
АКТЮБИНСКАЯ ОБЛАСТЬ,2008-12-31,1231100
АКТЮБИНСКАЯ ОБЛАСТЬ,2007-12-31,970500
АКТЮБИНСКАЯ ОБЛАСТЬ,2010-12-31,1523100
АКТЮБИНСКАЯ ОБЛАСТЬ,2016-12-31,2464900
АКТЮБИНСКАЯ ОБЛАСТЬ,2017-12-31,2749700
АКТЮБИНСКАЯ ОБЛАСТЬ,2018-12-31,3136000
АКТЮБИНСКАЯ ОБЛАСТЬ,2019-12-31,3396800
АКТЮБИНСКАЯ ОБЛАСТЬ,2021-12-31,3982100
АКТЮБИНСКАЯ ОБЛАСТЬ,2020-12-31,3329800
АЛМАТИНСКАЯ ОБЛАСТЬ,2005-12-31,202100
АЛМАТИНСКАЯ ОБЛАСТЬ,2013-12-31,886200
АЛМАТИНСКАЯ ОБЛАСТЬ,2003-12-31,147300
АЛМАТИНСКАЯ ОБЛАСТЬ,2001-12-31,102100
АЛМАТИНСКАЯ ОБЛАСТЬ,2000-12-31,80100
АЛМАТИНСКАЯ ОБЛАСТЬ,2004-12-31,163500
АЛМАТИНСКАЯ ОБЛАСТЬ,2015-12-31,1021300
АЛМАТИНСКАЯ ОБЛАСТЬ,2011-12-31,654000
АЛМАТИНСКАЯ ОБЛАСТЬ,2006-12-31,253500
АЛМАТИНСКАЯ ОБЛАСТЬ,2002-12-31,119200
АЛМАТИНСКАЯ ОБЛАСТЬ,2014-12-31,1002100
АЛМАТИНСКАЯ ОБЛАСТЬ,2012-12-31,751000
АЛМАТИНСКАЯ ОБЛАСТЬ,2009-12-31,460300
АЛМАТИНСКАЯ ОБЛАСТЬ,2008-12-31,409200
АЛМАТИНСКАЯ ОБЛАСТЬ,2007-12-31,337400
АЛМАТИНСКАЯ ОБЛАСТЬ,2010-12-31,537900
АЛМАТИНСКАЯ ОБЛАСТЬ,2016-12-31,1114200
АЛМАТИНСКАЯ ОБЛАСТЬ,2017-12-31,1235800
АЛМАТИНСКАЯ ОБЛАСТЬ,2018-12-31,1378000
АЛМАТИНСКАЯ ОБЛАСТЬ,2019-12-31,1585500
АЛМАТИНСКАЯ ОБЛАСТЬ,2021-12-31,2201100
АЛМАТИНСКАЯ ОБЛАСТЬ,2020-12-31,1805200
КАРАГАНДИНСКАЯ ОБЛАСТЬ,2006-12-31,690100
КАРАГАНДИНСКАЯ ОБЛАСТЬ,2013-12-31,1919100
КАРАГАНДИНСКАЯ ОБЛАСТЬ,2005-12-31,509900
КАРАГАНДИНСКАЯ ОБЛАСТЬ,2000-12-31,217700
КАРАГАНДИНСКАЯ ОБЛАСТЬ,2015-12-31,2248900
КАРАГАНДИНСКАЯ ОБЛАСТЬ,2003-12-31,333600
КАРАГАНДИНСКАЯ ОБЛАСТЬ,2011-12-31,1762100
КАРАГАНДИНСКАЯ ОБЛАСТЬ,2002-12-31,276700
КАРАГАНДИНСКАЯ ОБЛАСТЬ,2004-12-31,382300
КАРАГАНДИНСКАЯ ОБЛАСТЬ,2001-12-31,249300
КАРАГАНДИНСКАЯ ОБЛАСТЬ,2014-12-31,2110600
КАРАГАНДИНСКАЯ ОБЛАСТЬ,2012-12-31,1798500
КАРАГАНДИНСКАЯ ОБЛАСТЬ,2009-12-31,1123500
КАРАГАНДИНСКАЯ ОБЛАСТЬ,2008-12-31,1088400
КАРАГАНДИНСКАЯ ОБЛАСТЬ,2007-12-31,853500
КАРАГАНДИНСКАЯ ОБЛАСТЬ,2010-12-31,1387700
КАРАГАНДИНСКАЯ ОБЛАСТЬ,2016-12-31,2682600
КАРАГАНДИНСКАЯ ОБЛАСТЬ,2017-12-31,3100900
КАРАГАНДИНСКАЯ ОБЛАСТЬ,2018-12-31,3431900
КАРАГАНДИНСКАЯ ОБЛАСТЬ,2019-12-31,3911000
КАРАГАНДИНСКАЯ ОБЛАСТЬ,2021-12-31,5419300
КАРАГАНДИНСКАЯ ОБЛАСТЬ,2020-12-31,4431700
ВОСТОЧНО-КАЗАХСТАНСКАЯ ОБЛАСТЬ,2013-12-31,1480100
ВОСТОЧНО-КАЗАХСТАНСКАЯ ОБЛАСТЬ,2004-12-31,270600
ВОСТОЧНО-КАЗАХСТАНСКАЯ ОБЛАСТЬ,2006-12-31,430800
ВОСТОЧНО-КАЗАХСТАНСКАЯ ОБЛАСТЬ,2001-12-31,188200
ВОСТОЧНО-КАЗАХСТАНСКАЯ ОБЛАСТЬ,2002-12-31,199000
ВОСТОЧНО-КАЗАХСТАНСКАЯ ОБЛАСТЬ,2003-12-31,228900
ВОСТОЧНО-КАЗАХСТАНСКАЯ ОБЛАСТЬ,2015-12-31,1656200
ВОСТОЧНО-КАЗАХСТАНСКАЯ ОБЛАСТЬ,2005-12-31,325400
ВОСТОЧНО-КАЗАХСТАНСКАЯ ОБЛАСТЬ,2011-12-31,1160900
ВОСТОЧНО-КАЗАХСТАНСКАЯ ОБЛАСТЬ,2000-12-31,158400
ВОСТОЧНО-КАЗАХСТАНСКАЯ ОБЛАСТЬ,2014-12-31,1636700
ВОСТОЧНО-КАЗАХСТАНСКАЯ ОБЛАСТЬ,2012-12-31,1299100
ВОСТОЧНО-КАЗАХСТАНСКАЯ ОБЛАСТЬ,2009-12-31,693600
ВОСТОЧНО-КАЗАХСТАНСКАЯ ОБЛАСТЬ,2008-12-31,627900
ВОСТОЧНО-КАЗАХСТАНСКАЯ ОБЛАСТЬ,2007-12-31,563400
ВОСТОЧНО-КАЗАХСТАНСКАЯ ОБЛАСТЬ,2010-12-31,889800
ВОСТОЧНО-КАЗАХСТАНСКАЯ ОБЛАСТЬ,2016-12-31,2006000
ВОСТОЧНО-КАЗАХСТАНСКАЯ ОБЛАСТЬ,2017-12-31,2289500
ВОСТОЧНО-КАЗАХСТАНСКАЯ ОБЛАСТЬ,2018-12-31,2598800
ВОСТОЧНО-КАЗАХСТАНСКАЯ ОБЛАСТЬ,2019-12-31,2929200
ВОСТОЧНО-КАЗАХСТАНСКАЯ ОБЛАСТЬ,2021-12-31,3723000
ВОСТОЧНО-КАЗАХСТАНСКАЯ ОБЛАСТЬ,2020-12-31,3369800
ЖАМБЫЛСКАЯ ОБЛАСТЬ,2015-12-31,918300
ЖАМБЫЛСКАЯ ОБЛАСТЬ,2013-12-31,813900
ЖАМБЫЛСКАЯ ОБЛАСТЬ,2004-12-31,138800
ЖАМБЫЛСКАЯ ОБЛАСТЬ,2011-12-31,602800
ЖАМБЫЛСКАЯ ОБЛАСТЬ,2000-12-31,58700
ЖАМБЫЛСКАЯ ОБЛАСТЬ,2003-12-31,121600
ЖАМБЫЛСКАЯ ОБЛАСТЬ,2001-12-31,71200
ЖАМБЫЛСКАЯ ОБЛАСТЬ,2005-12-31,169100
ЖАМБЫЛСКАЯ ОБЛАСТЬ,2002-12-31,84700
ЖАМБЫЛСКАЯ ОБЛАСТЬ,2006-12-31,191200
ЖАМБЫЛСКАЯ ОБЛАСТЬ,2014-12-31,897400
ЖАМБЫЛСКАЯ ОБЛАСТЬ,2012-12-31,715400
ЖАМБЫЛСКАЯ ОБЛАСТЬ,2009-12-31,336300
ЖАМБЫЛСКАЯ ОБЛАСТЬ,2008-12-31,316900
ЖАМБЫЛСКАЯ ОБЛАСТЬ,2007-12-31,262800
ЖАМБЫЛСКАЯ ОБЛАСТЬ,2010-12-31,429000
ЖАМБЫЛСКАЯ ОБЛАСТЬ,2016-12-31,1062700
ЖАМБЫЛСКАЯ ОБЛАСТЬ,2017-12-31,1210000
ЖАМБЫЛСКАЯ ОБЛАСТЬ,2018-12-31,1366400
ЖАМБЫЛСКАЯ ОБЛАСТЬ,2019-12-31,1518800
ЖАМБЫЛСКАЯ ОБЛАСТЬ,2021-12-31,1976900
ЖАМБЫЛСКАЯ ОБЛАСТЬ,2020-12-31,1675800
МАНГИСТАУСКАЯ ОБЛАСТЬ,2006-12-31,1552900
МАНГИСТАУСКАЯ ОБЛАСТЬ,2002-12-31,599300
МАНГИСТАУСКАЯ ОБЛАСТЬ,2003-12-31,633400
МАНГИСТАУСКАЯ ОБЛАСТЬ,2005-12-31,1174200
МАНГИСТАУСКАЯ ОБЛАСТЬ,2011-12-31,3491700
МАНГИСТАУСКАЯ ОБЛАСТЬ,2001-12-31,455000
МАНГИСТАУСКАЯ ОБЛАСТЬ,2013-12-31,3592700
МАНГИСТАУСКАЯ ОБЛАСТЬ,2004-12-31,831600
МАНГИСТАУСКАЯ ОБЛАСТЬ,2000-12-31,407900
МАНГИСТАУСКАЯ ОБЛАСТЬ,2015-12-31,3443000
МАНГИСТАУСКАЯ ОБЛАСТЬ,2014-12-31,4049600
МАНГИСТАУСКАЯ ОБЛАСТЬ,2012-12-31,3169800
МАНГИСТАУСКАЯ ОБЛАСТЬ,2009-12-31,2542500
МАНГИСТАУСКАЯ ОБЛАСТЬ,2008-12-31,2631000
МАНГИСТАУСКАЯ ОБЛАСТЬ,2007-12-31,1896200
МАНГИСТАУСКАЯ ОБЛАСТЬ,2010-12-31,2890400
МАНГИСТАУСКАЯ ОБЛАСТЬ,2016-12-31,3880600
МАНГИСТАУСКАЯ ОБЛАСТЬ,2017-12-31,5058800
МАНГИСТАУСКАЯ ОБЛАСТЬ,2018-12-31,5682400
МАНГИСТАУСКАЯ ОБЛАСТЬ,2019-12-31,5352800
МАНГИСТАУСКАЯ ОБЛАСТЬ,2021-12-31,4966500
МАНГИСТАУСКАЯ ОБЛАСТЬ,2020-12-31,4335100
АТЫРАУСКАЯ ОБЛАСТЬ,2003-12-31,1065000
АТЫРАУСКАЯ ОБЛАСТЬ,2015-12-31,7171200
АТЫРАУСКАЯ ОБЛАСТЬ,2002-12-31,866000
АТЫРАУСКАЯ ОБЛАСТЬ,2011-12-31,7054000
АТЫРАУСКАЯ ОБЛАСТЬ,2001-12-31,658400
АТЫРАУСКАЯ ОБЛАСТЬ,2004-12-31,1389500
АТЫРАУСКАЯ ОБЛАСТЬ,2006-12-31,2296200
АТЫРАУСКАЯ ОБЛАСТЬ,2013-12-31,7083000
АТЫРАУСКАЯ ОБЛАСТЬ,2005-12-31,1727300
АТЫРАУСКАЯ ОБЛАСТЬ,2000-12-31,554500
АТЫРАУСКАЯ ОБЛАСТЬ,2014-12-31,7553300
АТЫРАУСКАЯ ОБЛАСТЬ,2012-12-31,6580700
АТЫРАУСКАЯ ОБЛАСТЬ,2009-12-31,3881600
АТЫРАУСКАЯ ОБЛАСТЬ,2008-12-31,3626000
АТЫРАУСКАЯ ОБЛАСТЬ,2007-12-31,2541700
АТЫРАУСКАЯ ОБЛАСТЬ,2010-12-31,5401000
АТЫРАУСКАЯ ОБЛАСТЬ,2016-12-31,8653100
АТЫРАУСКАЯ ОБЛАСТЬ,2017-12-31,9685100
АТЫРАУСКАЯ ОБЛАСТЬ,2018-12-31,12465400
АТЫРАУСКАЯ ОБЛАСТЬ,2019-12-31,14584400
АТЫРАУСКАЯ ОБЛАСТЬ,2021-12-31,16037400
АТЫРАУСКАЯ ОБЛАСТЬ,2020-12-31,11883200
Г.АСТАНА,2006-12-31,1701800
Г.АСТАНА,2002-12-31,463800
Г.АСТАНА,2003-12-31,596800
Г.АСТАНА,2005-12-31,1318000
Г.АСТАНА,2011-12-31,2980300
Г.АСТАНА,2001-12-31,438100
Г.АСТАНА,2013-12-31,4374300
Г.АСТАНА,2004-12-31,901700
Г.АСТАНА,2000-12-31,328600
Г.АСТАНА,2015-12-31,5574800
Г.АСТАНА,2014-12-31,4821600
Г.АСТАНА,2012-12-31,3479600
Г.АСТАНА,2009-12-31,2075200
Г.АСТАНА,2008-12-31,2080200
Г.АСТАНА,2007-12-31,1927000
Г.АСТАНА,2010-12-31,2635700
Г.АСТАНА,2016-12-31,5273300
Г.АСТАНА,2017-12-31,5766200
Г.АСТАНА,2018-12-31,6359600
Г.АСТАНА,2019-12-31,7075800
Г.АСТАНА,2021-12-31,7361900
Г.АСТАНА,2020-12-31,6873600
Г.АЛМАТЫ,2013-12-31,4779100
Г.АЛМАТЫ,2004-12-31,924400
Г.АЛМАТЫ,2006-12-31,1792900
Г.АЛМАТЫ,2001-12-31,504900
Г.АЛМАТЫ,2002-12-31,603300
Г.АЛМАТЫ,2003-12-31,695800
Г.АЛМАТЫ,2015-12-31,5439600
Г.АЛМАТЫ,2005-12-31,1218600
Г.АЛМАТЫ,2011-12-31,3394800
Г.АЛМАТЫ,2000-12-31,367500
Г.АЛМАТЫ,2014-12-31,5021000
Г.АЛМАТЫ,2012-12-31,3908000
Г.АЛМАТЫ,2009-12-31,2293100
Г.АЛМАТЫ,2008-12-31,2193200
Г.АЛМАТЫ,2007-12-31,2048900
Г.АЛМАТЫ,2010-12-31,2797300
Г.АЛМАТЫ,2016-12-31,6138500
Г.АЛМАТЫ,2017-12-31,6694200
Г.АЛМАТЫ,2018-12-31,6636100
Г.АЛМАТЫ,2019-12-31,7183900
Г.АЛМАТЫ,2021-12-31,7495800
Г.АЛМАТЫ,2020-12-31,6913000
РЕСПУБЛИКА КАЗАХСТАН,2003-12-31,309300
РЕСПУБЛИКА КАЗАХСТАН,2015-12-31,2330400
РЕСПУБЛИКА КАЗАХСТАН,2000-12-31,174700
РЕСПУБЛИКА КАЗАХСТАН,2011-12-31,1705900
РЕСПУБЛИКА КАЗАХСТАН,2005-12-31,501100
РЕСПУБЛИКА КАЗАХСТАН,2006-12-31,667200
РЕСПУБЛИКА КАЗАХСТАН,2013-12-31,2113200
РЕСПУБЛИКА КАЗАХСТАН,2001-12-31,218800
РЕСПУБЛИКА КАЗАХСТАН,2002-12-31,254100
РЕСПУБЛИКА КАЗАХСТАН,2004-12-31,391000
РЕСПУБЛИКА КАЗАХСТАН,2014-12-31,2294800
РЕСПУБЛИКА КАЗАХСТАН,2012-12-31,1847084
РЕСПУБЛИКА КАЗАХСТАН,2009-12-31,1056900
РЕСПУБЛИКА КАЗАХСТАН,2008-12-31,1024200
РЕСПУБЛИКА КАЗАХСТАН,2007-12-31,829900
РЕСПУБЛИКА КАЗАХСТАН,2010-12-31,1336600
РЕСПУБЛИКА КАЗАХСТАН,2016-12-31,2639700
РЕСПУБЛИКА КАЗАХСТАН,2017-12-31,3014700
РЕСПУБЛИКА КАЗАХСТАН,2018-12-31,3382500
РЕСПУБЛИКА КАЗАХСТАН,2019-12-31,3755700
РЕСПУБЛИКА КАЗАХСТАН,2021-12-31,4417900
РЕСПУБЛИКА КАЗАХСТАН,2020-12-31,3766800
ТУРКЕСТАНСКАЯ ОБЛАСТЬ,2018-12-31,838600
ТУРКЕСТАНСКАЯ ОБЛАСТЬ,2019-12-31,1008100
ТУРКЕСТАНСКАЯ ОБЛАСТЬ,2021-12-31,1363100
ТУРКЕСТАНСКАЯ ОБЛАСТЬ,2020-12-31,1174200
Г.ШЫМКЕНТ,2018-12-31,2214300
Г.ШЫМКЕНТ,2019-12-31,2152100
Г.ШЫМКЕНТ,2021-12-31,2442900
Г.ШЫМКЕНТ,2020-12-31,2360300
